Player1,Player2,Round,Result,FNL1,FNL2,FSP1,FSW1,SSP1,SSW1,ACE1,DBF1,WNR1,UFE1,BPC1,BPW1,NPA1,NPW1,TPW1,FSP2,FSW2,SSP2,SSW2,ACE2,DBF2,WNR2,UFE2,BPC2,BPW2,NPA2,NPW2,TPW2,G,mf
Lukas Lacko,Novak Djokovic,1,0,0,3,61,35,39,18,5,1,17,29,1,3,8,11,70,68,45,32,17,10,0,40,30,4,8,8,9,101,M,Lacko vs. Djokovic
Leonardo Mayer,Albert Montanes,1,1,3,0,61,31,39,13,13,1,13,1,7,14,,,80,60,23,40,9,1,4,1,4,0,0,,,42,M,Mayer vs. Montanes
Marcos Baghdatis,Denis Istomin,1,0,0,3,52,53,48,20,8,4,37,50,1,9,16,23,106,77,57,23,15,9,1,41,41,4,13,12,16,126,M,Baghdatis vs. Istomin
Dmitry Tursunov,Michael Russell,1,1,3,0,53,39,47,24,8,6,8,6,6,9,,,104,50,24,50,19,1,8,1,8,1,7,,,79,M,Tursunov vs. Russell
Juan Monaco,Ernests Gulbis,1,0,1,3,76,63,24,12,0,4,16,35,3,12,9,13,128,53,59,47,32,17,11,59,79,3,5,16,28,127,M,Monaco vs. Gulbis
Santiago Giraldo,Sam Querrey,1,0,1,3,65,51,35,22,9,3,35,41,2,7,6,12,108,63,60,37,22,24,4,47,45,4,7,14,17,122,M,Giraldo vs. Querrey
Dudi Sela,Jarkko Nieminen,1,0,2,3,68,73,32,24,5,3,41,50,9,17,14,30,173,60,66,40,34,2,6,57,72,10,17,25,36,173,M,Sela vs. Nieminen
Fabio Fognini,Alex Bogomolov Jr.,1,1,2,0,47,18,53,15,3,4,21,31,6,20,6,9,78,54,26,46,13,0,11,11,46,2,6,8,12,61,M,Fognini vs. Jr.
David Guez,Richard Gasquet,1,0,0,3,64,26,36,12,3,,20,39,3,7,5,14,67,67,42,33,14,12,,32,20,7,10,8,11,94,M,Guez vs. Gasquet
Nikolay Davydenko,Lukasz Kubot,1,1,3,2,77,76,23,11,6,4,6,4,7,24,,,162,60,68,40,25,8,12,8,12,6,14,,,141,M,Davydenko vs. Kubot
Pablo Carreno Busta,Julien Benneteau,1,0,2,3,53,46,47,35,7,7,47,58,4,5,19,33,126,66,62,34,24,16,4,49,46,7,19,30,43,152,M,Busta vs. Benneteau
Tommy Robredo,Lukas Rosol,1,1,3,2,57,62,43,43,13,0,50,38,6,18,15,19,177,51,72,49,41,11,12,82,96,3,7,28,44,152,M,Robredo vs. Rosol
Samuel Groth,Vasek Pospisil,1,0,0,3,65,40,35,17,16,4,35,25,0,2,20,43,74,67,45,33,13,6,4,31,17,4,10,6,10,94,M,Groth vs. Pospisil
Nicolas Mahut,Matthew Ebden,1,0,2,3,64,63,36,23,7,4,49,57,6,15,24,46,137,67,58,33,23,7,7,45,55,6,12,28,37,131,M,Mahut vs. Ebden
Alejandro Falla,Mikhail Kukushkin,1,1,3,1,60,50,40,23,4,2,4,2,10,28,,,151,55,55,45,23,2,3,2,3,4,14,,,128,M,Falla vs. Kukushkin
Stanislas Wawrinka,Andrey Golubev,1,1,2,0,63,20,37,6,4,1,23,11,4,9,13,14,54,64,18,36,10,0,0,8,15,1,2,6,12,37,M,Wawrinka vs. Golubev
Alejandro Gonzalez,David Ferrer,1,0,0,3,68,34,32,7,2,4,22,41,5,7,11,21,75,53,28,47,21,2,6,33,30,8,12,18,22,96,M,Gonzalez vs. Ferrer
Steve Johnson,Adrian Mannarino,1,0,2,3,53,50,47,28,21,12,21,12,4,6,,,129,58,52,42,37,3,3,3,3,7,11,,,142,M,Johnson vs. Mannarino
Ricardas Berankis,Alexandr Dolgopolov,1,0,0,3,50,39,50,26,10,3,28,38,1,3,17,31,91,58,42,42,23,7,4,37,31,5,16,12,12,114,M,Berankis vs. Dolgopolov
Jeremy Chardy,Jesse Huta Galung,1,1,3,0,66,46,34,16,9,2,31,27,4,9,12,13,94,57,41,43,13,9,7,30,33,0,5,14,17,80,M,Chardy vs. Galung
Jordan Thompson,Jerzy Janowicz,1,0,2,3,60,58,40,21,13,8,40,36,3,10,18,28,140,64,74,36,27,18,11,62,64,5,9,31,46,153,M,Thompson vs. Janowicz
Albert Ramos,Pablo Andujar,1,0,0,3,61,32,39,10,2,3,2,3,3,7,,,77,73,40,27,15,2,1,2,1,7,12,,,97,M,Ramos vs. Andujar
Florian Mayer,Denis Kudla,1,1,3,0,58,36,42,22,6,1,25,23,5,11,11,14,101,59,35,41,18,1,2,31,45,1,3,12,20,78,M,Mayer vs. Kudla
Mikhail Youzhny,Jan-Lennard Struff,1,1,3,0,69,39,31,17,5,2,11,30,7,9,5,8,95,49,24,51,12,2,8,20,61,2,5,15,22,66,M,Youzhny vs. Struff
Guillermo Garcia-Lopez,Tommy Haas,1,1,2,0,58,27,42,11,7,3,19,9,4,4,3,5,65,52,22,48,11,4,7,18,35,1,2,10,10,55,M,Garcia-Lopez vs. Haas
Carlos Berlocq,Edouard Roger-Vasselin,1,0,1,3,57,49,43,32,9,4,9,4,4,13,,,150,65,67,35,32,6,6,6,6,7,16,,,163,M,Berlocq vs. Roger-Vasselin
Dominic Thiem,Joao Sousa,1,1,3,1,55,60,45,31,20,3,20,3,5,12,,,148,65,57,35,30,8,0,8,0,3,8,,,133,M,Thiem vs. Sousa
Kevin Anderson,Jiri Vesely,1,1,3,2,63,76,37,28,21,9,21,9,3,14,,,154,57,69,43,43,16,10,16,10,2,6,,,154,M,Anderson vs. Vesely
Ivo Karlovic,Ivan Dodig,1,0,0,3,66,55,34,18,25,1,48,27,1,3,24,50,93,83,68,17,12,8,2,41,7,2,3,24,35,108,M,Karlovic vs. Dodig
Jan Hajek,Damir Dzumhur,1,0,0,3,73,31,27,6,2,6,2,6,1,2,,,55,53,31,47,19,4,3,4,3,7,12,,,95,M,Hajek vs. Dzumhur
Di Wu,Kenny De Schepper,1,0,0,3,60,46,40,29,3,5,33,36,2,13,23,35,125,62,63,38,20,19,13,58,66,4,11,29,44,134,M,Wu vs. Schepper
Tomas Berdych,Aleksandr Nedovyesov,1,1,3,0,66,39,34,19,9,0,35,17,4,14,13,23,97,61,37,39,17,8,2,22,37,0,2,11,16,67,M,Berdych vs. Nedovyesov
James Duckworth,Roger Federer,1,0,0,3,52,36,48,19,13,3,34,38,0,1,19,34,74,58,40,42,19,11,5,30,17,4,17,18,22,96,M,Duckworth vs. Federer
Radek Stepanek,Blaz Kavcic,1,0,2,2,51,37,49,29,5,11,51,54,4,11,22,32,104,63,43,37,22,10,6,41,27,6,14,6,15,121,M,Stepanek vs. Kavcic
Teymuraz Gabashvili,Sergiy Stakhovsky,1,1,3,1,58,49,42,24,5,4,5,4,9,17,,,133,55,50,45,21,14,8,14,8,3,6,,,112,M,Gabashvili vs. Stakhovsky
Fernando Verdasco,Ze Zhang,1,1,3,1,61,59,39,24,20,6,44,40,5,14,7,11,125,58,44,42,25,7,6,20,48,1,5,10,17,101,M,Verdasco vs. Zhang
Daniel Brands,Gilles Simon,1,0,2,3,63,109,37,36,41,4,111,81,2,25,29,44,231,56,114,44,57,32,18,75,53,4,10,37,55,230,M,Brands vs. Simon
Marin Cilic,Marcel Granollers,1,1,3,2,58,57,42,30,22,4,63,53,5,8,21,31,145,61,64,39,27,13,4,41,34,2,3,20,29,124,M,Cilic vs. Granollers
Thomaz Bellucci,Julian Reister,1,1,2,1,53,39,47,24,8,6,33,37,4,7,18,22,98,60,41,40,16,4,9,21,36,4,8,8,19,93,M,Bellucci vs. Reister
Jo-Wilfried Tsonga,Filippo Volandri,1,1,3,0,62,37,38,23,15,1,36,25,5,13,12,15,104,57,35,43,20,2,6,28,39,1,2,20,31,77,M,Tsonga vs. Volandri
Martin Klizan,John Isner,1,1,2,0,54,25,46,21,9,2,27,10,2,5,1,3,71,78,36,22,6,10,0,23,23,0,3,5,10,52,M,Klizan vs. Isner
Blaz Rola,Federico Delbonis,1,1,3,0,68,57,32,13,6,8,6,8,4,9,,,108,63,38,37,16,4,1,4,1,0,8,,,86,M,Rola vs. Delbonis
Michal Przysiezny,Horacio Zeballos,1,1,3,0,69,48,31,17,15,0,15,0,5,8,,,104,60,43,40,18,11,4,11,4,2,4,,,85,M,Przysiezny vs. Zeballos
Stephane Robert,Aljaz Bedene,1,1,3,0,46,25,54,21,4,2,22,22,9,17,11,12,104,54,40,46,9,16,11,28,52,4,5,6,10,74,M,Robert vs. Bedene
Somdev Devvarman,Feliciano Lopez,1,0,0,3,52,34,48,28,6,1,6,1,2,7,,,89,65,50,35,18,12,2,12,2,4,7,,,110,M,Devvarman vs. Lopez
Michael Berrer,Michael Llodra,1,1,3,0,63,39,37,19,9,6,9,6,5,12,,,95,72,47,28,12,10,5,10,5,0,2,,,74,M,Berrer vs. Llodra
Vincent Millot,Wayne Odesnik,1,1,3,2,57,63,43,34,18,9,54,68,11,26,8,11,173,67,67,33,22,11,2,39,73,7,20,10,17,158,M,Millot vs. Odesnik
Andy Murray,Go Soeda,1,1,3,0,69,33,31,11,12,2,32,13,7,13,4,5,84,61,28,39,6,6,3,23,33,0,0,11,16,49,M,Murray vs. Soeda
Rhyne Williams,Juan Martin Del Potro,1,0,1,3,57,52,43,25,29,1,55,39,1,2,12,18,107,64,62,36,23,16,3,46,29,4,8,21,28,122,M,Williams vs. Potro
Roberto Bautista Agut,Tim Smyczek,1,1,3,0,82,37,18,7,1,1,1,1,8,18,,,95,61,28,39,10,8,5,8,5,1,2,,,55,M,Agut vs. Smyczek
Nick Kyrgios,Benjamin Becker,1,1,3,1,54,60,46,25,34,13,71,52,6,8,5,8,133,53,45,47,31,12,5,38,36,3,7,6,6,114,M,Kyrgios vs. Becker
Benoit Paire,Frank Dancevic,1,1,3,0,57,54,43,22,24,6,58,25,3,12,22,35,117,59,47,41,20,12,3,36,14,1,4,15,32,97,M,Paire vs. Dancevic
Bradley Klahn,Grigor Dimitrov,1,0,1,3,58,54,42,28,10,9,10,9,0,0,,,105,57,55,43,30,14,4,14,4,4,8,,,133,M,Klahn vs. Dimitrov
Jimmy Wang,Yen-Hsun Lu,1,0,0,3,63,32,37,12,1,3,1,3,3,7,,,76,62,33,38,11,9,5,9,5,9,19,,,101,M,Wang vs. Lu
Peter Gojowczyk,Victor Hanescu,1,0,0,3,55,44,45,22,8,6,36,59,1,6,5,7,103,66,60,34,23,9,4,24,34,2,6,10,12,121,M,Gojowczyk vs. Hanescu
Milos Raonic,Daniel Gimeno-Traver,1,1,3,1,64,56,36,17,21,7,48,29,7,20,21,30,127,56,43,44,25,5,5,22,33,3,6,8,12,96,M,Raonic vs. Gimeno-Traver
Marinko Matosevic,Kei Nishikori,1,0,2,3,61,69,39,29,14,9,46,63,3,9,16,30,147,66,68,34,25,6,6,44,50,7,15,11,16,167,M,Matosevic vs. Nishikori
Dusan Lajovic,Lucas Pouille,1,1,3,1,61,53,39,30,7,7,28,57,5,10,8,17,141,61,55,39,22,2,10,41,88,4,8,23,39,126,M,Lajovic vs. Pouille
Robin Haase,Donald Young,1,0,1,3,67,56,33,18,11,6,38,56,1,4,13,15,106,73,58,27,16,0,5,34,33,2,7,29,40,124,M,Haase vs. Young
Andreas Seppi,Lleyton Hewitt,1,1,3,2,59,72,41,40,17,5,67,59,7,18,8,11,175,51,76,49,38,23,5,54,61,7,13,23,40,178,M,Seppi vs. Hewitt
Ryan Harrison,Gael Monfils,1,0,0,3,62,42,38,17,2,1,19,23,0,0,13,20,76,64,43,36,18,9,5,43,27,3,4,18,22,95,M,Harrison vs. Monfils
Tobias Kamke,Jack Sock,1,0,1,3,49,51,51,36,6,8,6,8,2,12,,,138,50,54,50,43,16,12,16,12,4,10,,,146,M,Kamke vs. Sock
Thanasi Kokkinakis,Igor Sijsling,1,1,3,1,54,55,46,36,8,9,54,45,3,5,14,23,135,59,56,41,23,20,5,53,47,4,9,23,36,135,M,Kokkinakis vs. Sijsling
Rafael Nadal,Bernard Tomic,1,1,1,0,62,14,38,6,5,1,13,5,1,1,5,5,30,71,15,29,3,3,1,13,7,0,0,3,5,24,M,Nadal vs. Tomic
Serena Williams,Ashleigh Barty,1,1,2,0,59,20,41,8,6,2,31,17,5,10,10,11,58,51,14,49,11,1,4,5,18,0,0,2,4,31,F,Williams vs. Barty
Vesna Dolonc,Lara Arruabarrena,1,1,2,1,65,33,35,10,7,4,7,4,5,10,,,78,62,33,38,10,0,3,0,3,4,7,,,74,F,Dolonc vs. Arruabarrena
Pauline Parmentier,Karolina Pliskova,1,0,0,2,63,16,37,4,3,6,3,6,0,2,,,37,60,26,40,7,5,0,5,0,5,14,,,64,F,Parmentier vs. Pliskova
Heather Watson,Daniela Hantuchova,1,0,1,2,61,41,39,19,8,3,27,45,4,7,10,13,88,68,43,32,10,6,2,37,44,5,13,5,8,102,F,Watson vs. Hantuchova
Samantha Stosur,Klara Zakopalova,1,1,2,0,65,28,35,11,6,1,19,18,7,10,7,10,74,50,18,50,7,1,5,27,27,4,14,10,15,60,F,Stosur vs. Zakopalova
Tsvetana Pironkova,Silvia Soler-Espinosa,1,1,2,0,62,28,38,12,5,0,30,21,3,5,4,7,68,50,18,50,14,3,2,11,23,0,3,6,6,44,F,Pironkova vs. Soler-Espinosa
Annika Beck,Petra Martic,1,1,2,0,67,18,33,8,0,0,8,10,6,11,3,3,52,50,8,50,4,2,6,7,34,0,2,3,7,25,F,Beck vs. Martic
Kiki Bertens,Ana Ivanovic,1,0,0,2,61,15,39,11,2,4,23,35,6,11,10,16,61,60,24,40,9,3,4,14,22,8,9,4,6,73,F,Bertens vs. Ivanovic
Roberta Vinci,Jie Zheng,1,0,0,2,66,23,34,7,3,3,20,28,3,10,7,12,56,68,26,32,10,0,2,26,25,5,7,1,2,67,F,Vinci vs. Zheng
Patricia Mayr-Achleitner,Madison Keys,1,0,1,2,71,48,29,14,0,1,0,1,5,12,,,113,52,45,48,30,11,4,11,4,8,10,,,135,F,Mayr-Achleitner vs. Keys
Casey Dellacqua,Vera Zvonareva,1,1,2,0,66,22,34,13,0,0,10,19,4,10,1,2,67,65,22,35,9,2,4,14,43,0,1,5,8,40,F,Dellacqua vs. Zvonareva
Laura Robson,Kirsten Flipkens,1,0,0,2,57,14,43,5,2,5,12,32,0,0,6,10,27,57,18,43,11,7,2,14,4,5,6,2,4,54,F,Robson vs. Flipkens
Eugenie Bouchard,Hao Chen Tang,1,1,2,0,64,30,36,16,1,4,1,4,5,11,,,82,57,21,43,12,1,6,1,6,2,7,,,64,F,Bouchard vs. Tang
Alison Van Uytvanck,Virginie Razzano,1,0,0,2,54,32,46,15,5,4,22,40,2,7,4,6,78,58,39,42,18,7,9,21,41,2,3,8,11,82,F,Uytvanck vs. Razzano
Sachia Vickery,Lauren Davis,1,0,0,2,51,14,49,12,,3,8,36,3,5,5,11,47,61,23,39,7,,0,15,23,6,7,7,12,63,F,Vickery vs. Davis
Julia Goerges,Sara Errani,1,1,2,0,50,20,50,15,4,2,39,36,5,9,7,10,65,77,21,23,5,1,0,6,11,2,5,4,4,49,F,Goerges vs. Errani
Na Li,Ana Konjuh,1,1,2,0,76,24,24,7,3,0,20,18,5,12,13,19,61,50,13,50,9,0,5,7,25,0,1,3,6,36,F,Li vs. Konjuh
Belinda Bencic,Kimiko Date-Krumm,1,1,2,1,53,25,47,15,5,5,27,44,10,20,7,14,94,71,31,29,10,1,4,29,47,8,13,9,17,87,F,Bencic vs. Date-Krumm
Donna Vekic,Lucie Hradecka,1,0,0,2,47,17,53,9,1,2,1,2,0,5,,,37,54,23,46,12,9,4,9,4,4,7,,,58,F,Vekic vs. Hradecka
Julia Glushko,Lucie Safarova,1,0,1,2,61,35,39,20,6,3,6,3,2,7,,,82,59,37,41,21,3,4,3,4,4,8,,,92,F,Glushko vs. Safarova
Ekaterina Makarova,Venus Williams,1,1,2,1,63,43,37,17,1,4,21,26,5,12,6,10,97,55,36,45,18,5,8,50,56,5,14,20,24,103,F,Makarova vs. Williams
Anabel Medina Garrigues,Irina Falconi,1,0,0,2,86,18,14,3,0,1,0,1,2,4,,,41,53,18,47,13,3,3,3,3,6,7,,,60,F,Garrigues vs. Falconi
Shahar Peer,Monica Niculescu,1,0,0,2,80,21,20,2,2,1,23,38,3,7,9,23,49,82,26,18,3,1,0,10,13,7,10,10,14,61,F,Peer vs. Niculescu
Mirjana Lucic-Baroni,Sabine Lisicki,1,0,0,2,43,17,57,8,2,10,11,26,0,7,0,3,51,52,32,48,15,7,6,28,24,4,8,10,14,75,F,Lucic-Baroni vs. Lisicki
Angelique Kerber,Jarmila Gajdosova,1,1,2,1,65,36,35,13,6,5,30,17,4,7,9,12,81,53,29,47,12,2,6,41,31,4,11,22,33,80,F,Kerber vs. Gajdosova
Caroline Garcia,Alla Kudryavtseva,1,0,0,2,58,22,42,15,3,7,3,7,4,6,,,77,58,37,42,14,3,4,3,4,6,10,,,93,F,Garcia vs. Kudryavtseva
Dinah Pfizenmaier,Yanina Wickmayer,1,0,0,2,48,24,52,23,3,12,3,12,2,15,,,87,58,38,42,15,6,8,6,8,4,7,,,95,F,Pfizenmaier vs. Wickmayer
Alison Riske,Elena Vesnina,1,1,2,0,64,24,36,8,4,3,15,16,4,8,5,5,57,62,17,38,10,2,4,9,31,0,0,1,1,34,F,Riske vs. Vesnina
Flavia Pennetta,Alexandra Cadantu,1,1,2,0,40,16,60,14,2,3,28,21,6,17,9,11,66,58,14,42,9,1,8,13,36,1,3,5,8,41,F,Pennetta vs. Cadantu
Monica Puig,Anna Tatishvili,1,1,2,0,61,30,39,13,8,5,25,27,4,5,6,6,68,68,20,32,5,0,4,10,23,1,8,6,7,48,F,Puig vs. Tatishvili
Shuai Zhang,Mona Barthel,1,0,0,2,75,31,25,8,2,1,17,21,2,6,8,10,68,69,41,31,10,2,3,33,30,3,6,8,9,77,F,Zhang vs. Barthel
Luksika Kumkhum,Petra Kvitova,1,1,2,1,48,26,52,20,4,6,28,27,5,16,7,8,92,60,36,40,15,3,8,32,40,4,12,12,16,80,F,Kumkhum vs. Kvitova
Jelena Jankovic,Misaki Doi,1,1,2,0,60,23,40,11,6,6,20,19,5,8,2,4,59,52,12,48,5,1,3,10,26,1,8,0,2,36,F,Jankovic vs. Doi
Nadiya Kichenok,Ayumi Morita,1,0,0,2,63,27,37,11,4,7,24,43,2,8,11,14,68,62,30,38,16,6,2,20,24,4,5,1,3,75,F,Kichenok vs. Morita
Kurumi Nara,Shuai Peng,1,1,2,1,74,39,26,10,1,6,23,37,8,16,2,4,103,63,40,37,16,3,5,36,54,6,10,4,6,96,F,Nara vs. Peng
Andrea Petkovic,Magdalena Rybarikova,1,0,0,2,68,23,32,6,1,4,15,31,1,3,7,11,48,67,27,33,8,4,1,18,16,5,8,9,16,66,F,Petkovic vs. Rybarikova
Sorana Cirstea,Marina Erakovic,1,0,0,2,57,25,43,13,5,1,20,32,3,14,6,7,78,59,35,41,17,6,5,28,45,4,6,5,8,83,F,Cirstea vs. Erakovic
Zarina Diyas,Katerina Siniakova,1,1,2,0,74,33,26,6,1,4,1,4,5,6,,,72,57,22,43,10,2,3,2,3,2,6,,,58,F,Diyas vs. Siniakova
Lesia Tsurenko,Varvara Lepchenko,1,0,1,2,63,35,37,20,1,3,9,34,3,9,0,1,92,64,42,36,15,3,5,32,52,3,9,11,13,93,F,Tsurenko vs. Lepchenko
Katarzyna Piter,Simona Halep,1,0,0,2,77,12,23,1,1,3,5,25,0,2,5,8,24,61,21,39,9,3,2,13,14,5,9,1,2,52,F,Piter vs. Halep
Carla Suarez Navarro,Vania King,1,1,2,0,79,31,21,4,0,1,17,19,4,5,6,9,61,69,20,31,5,1,2,12,28,1,2,5,14,42,F,Navarro vs. King
Galina Voskoboeva,Irina-Camelia Begu,1,1,2,1,64,41,36,18,3,3,3,3,6,11,,,109,62,44,38,15,2,7,2,7,5,9,,,94,F,Voskoboeva vs. Begu
Kristina Mladenovic,Stefanie Voegele,1,0,0,2,48,29,52,19,3,8,23,41,1,1,14,22,61,66,32,34,13,7,1,19,20,3,12,5,7,76,F,Mladenovic vs. Voegele
Francesca Schiavone,Dominika Cibulkova,1,0,0,2,60,21,40,11,5,2,14,27,1,6,5,11,57,61,33,39,14,0,6,21,30,3,7,6,7,72,F,Schiavone vs. Cibulkova
Alize Cornet,Polona Hercog,1,0,,,75,3,25,1,1,,2,0,,,1,1,5,0,0,100,1,0,,1,1,,,0,0,1,F,Cornet vs. Hercog
Camila Giorgi,Storm Sanders,1,1,2,1,51,38,49,23,5,13,27,47,4,12,3,7,97,63,35,37,12,2,3,13,34,2,7,4,4,81,F,Giorgi vs. Sanders
Paula Ormaechea,Karin Knapp,1,0,0,2,57,26,43,7,2,7,2,7,2,3,,,56,61,26,39,8,4,3,4,3,5,10,,,69,F,Ormaechea vs. Knapp
Bethanie Mattek-Sands,Maria Sharapova,1,0,0,2,57,27,43,10,4,8,18,30,2,6,7,9,65,53,31,47,13,5,9,29,28,4,8,3,7,77,F,Mattek-Sands vs. Sharapova
Agnieszka Radwanska,Yulia Putintseva,1,1,2,1,59,36,41,15,9,1,38,31,7,11,22,35,96,52,29,48,16,0,6,27,33,3,8,11,17,76,F,Radwanska vs. Putintseva
Olga Govortsova,Ying-Ying Duan,1,1,2,0,68,35,32,8,10,4,10,4,4,12,,,78,60,24,40,16,1,1,1,1,1,5,,,62,F,Govortsova vs. Duan
Carina Witthoeft,Mandy Minella,1,0,0,2,62,16,38,10,1,4,1,4,2,6,,,47,56,17,44,16,0,2,0,2,5,8,,,62,F,Witthoeft vs. Minella
Teliana Pereira,Anastasia Pavlyuchenkova,1,0,0,2,68,43,32,14,3,7,3,7,2,4,,,84,62,32,38,15,3,5,3,5,3,12,,,93,F,Pereira vs. Pavlyuchenkova
Kaia Kanepi,Garbine Muguruza,1,0,1,2,64,27,36,12,6,3,22,39,3,9,3,4,69,51,28,49,20,5,4,26,31,5,12,1,3,85,F,Kanepi vs. Muguruza
Timea Babos,Anna Schmiedlova,1,0,1,2,60,46,40,17,8,11,8,11,5,24,,,120,66,54,34,23,5,5,5,5,6,14,,,126,F,Babos vs. Schmiedlova
Christina McHale,Yung-Jan Chan,1,1,2,0,71,31,29,11,4,3,4,3,5,9,,,77,68,28,32,10,0,6,0,6,3,3,,,66,F,McHale vs. Chan
Lourdes Dominguez Lino,Caroline Wozniacki,1,0,0,2,58,10,42,8,,2,9,30,1,2,5,7,31,61,17,39,11,,2,15,16,6,12,11,18,58,F,Lino vs. Wozniacki
Sloane Stephens,Yaroslava Shvedova,1,1,2,0,75,31,25,7,1,1,22,27,6,12,1,3,82,58,22,42,10,3,13,14,43,4,6,3,6,61,F,Stephens vs. Shvedova
Tadeja Majeric,Ajla Tomljanovic,1,0,1,2,72,54,28,10,4,7,4,7,3,6,,,99,49,36,51,25,5,6,5,6,3,6,,,97,F,Majeric vs. Tomljanovic
Olivia Rogowska,Mariana Duque-Marino,1,1,2,0,63,25,37,10,2,6,21,31,6,13,4,5,66,67,18,33,5,4,4,10,32,3,8,2,6,47,F,Rogowska vs. Duque-Marino
Elina Svitolina,Svetlana Kuznetsova,1,1,2,0,61,26,39,8,5,5,27,21,5,12,12,18,65,48,20,52,11,1,4,17,24,2,4,4,5,53,F,Svitolina vs. Kuznetsova
Bojana Jovanovski,Jana Cepelova,1,1,2,1,76,43,24,11,0,1,0,1,9,13,,,100,69,28,31,7,2,5,2,5,5,12,,,81,F,Jovanovski vs. Cepelova
Chanelle Scheepers,Yvonne Meusburger,1,0,0,2,53,27,47,12,2,13,2,13,4,7,,,71,68,32,32,12,1,5,1,5,5,11,,,80,F,Scheepers vs. Meusburger
Su-Wei Hsieh,Barbora Zahlavova Strycova,1,0,1,2,58,33,42,15,1,5,14,39,1,4,11,16,75,68,39,32,13,5,2,31,36,5,17,22,28,95,F,Hsieh vs. Strycova
Johanna Larsson,Victoria Azarenka,1,0,0,2,72,24,28,5,2,5,13,29,3,10,4,5,59,75,41,25,4,0,7,27,32,5,5,15,17,80,F,Larsson vs. Azarenka
Leonardo Mayer,Novak Djokovic,2,0,0,3,52,28,48,17,3,7,14,39,0,0,7,11,59,66,36,34,17,12,2,30,11,5,6,5,9,93,M,Mayer vs. Djokovic
Dmitry Tursunov,Denis Istomin,2,0,1,3,53,45,47,26,5,5,31,44,3,10,24,38,106,54,47,46,36,14,1,46,34,5,8,14,18,127,M,Tursunov vs. Istomin
Sam Querrey,Ernests Gulbis,2,1,3,0,72,45,28,11,19,4,30,21,5,9,6,11,88,46,23,54,21,7,4,19,41,1,3,6,11,59,M,Querrey vs. Gulbis
Fabio Fognini,Jarkko Nieminen,2,1,3,1,58,62,42,30,9,12,51,60,5,15,27,33,144,65,57,35,23,3,5,24,37,2,16,15,24,134,M,Fognini vs. Nieminen
Nikolay Davydenko,Richard Gasquet,2,0,0,3,77,48,23,11,6,1,39,43,4,5,9,12,97,58,41,42,21,9,5,33,37,6,11,10,15,110,M,Davydenko vs. Gasquet
Tommy Robredo,Julien Benneteau,2,1,3,1,58,61,42,38,17,3,66,25,4,13,13,17,159,62,68,38,27,14,6,64,65,1,11,42,65,138,M,Robredo vs. Benneteau
Matthew Ebden,Vasek Pospisil,2,0,1,3,68,64,32,19,8,3,30,43,3,11,26,35,121,60,59,40,31,13,3,46,47,4,5,25,39,132,M,Ebden vs. Pospisil
Stanislas Wawrinka,Alejandro Falla,2,1,3,1,56,57,44,31,9,4,61,46,6,17,23,29,142,60,56,40,25,1,3,26,37,2,7,24,39,117,M,Wawrinka vs. Falla
Adrian Mannarino,David Ferrer,2,0,1,3,55,44,45,25,5,1,32,73,5,10,18,31,113,68,56,32,18,0,4,32,48,9,17,21,22,142,M,Mannarino vs. Ferrer
Jeremy Chardy,Alexandr Dolgopolov,2,1,3,1,60,74,40,30,22,10,76,73,5,14,24,38,164,71,81,29,22,15,2,43,36,4,12,19,24,160,M,Chardy vs. Dolgopolov
Pablo Andujar,Jerzy Janowicz,2,0,1,3,79,71,21,20,11,1,57,28,3,11,17,26,149,67,76,33,25,15,5,63,47,3,11,11,18,151,M,Andujar vs. Janowicz
Mikhail Youzhny,Florian Mayer,2,0,2,3,55,55,45,36,14,5,48,46,3,7,14,21,126,60,59,40,33,19,3,48,41,4,11,29,42,136,M,Youzhny vs. Mayer
Edouard Roger-Vasselin,Guillermo Garcia-Lopez,2,1,3,1,57,49,43,28,11,2,11,2,7,17,,,130,51,46,49,26,9,10,9,10,4,13,,,117,M,Roger-Vasselin vs. Garcia-Lopez
Kevin Anderson,Dominic Thiem,2,1,3,0,65,43,35,18,15,5,30,22,3,5,12,15,87,59,34,41,16,10,3,28,21,0,2,2,5,69,M,Anderson vs. Thiem
Damir Dzumhur,Ivan Dodig,2,0,2,2,51,36,49,26,7,6,33,27,3,5,12,18,95,55,39,45,20,13,2,37,43,3,7,12,19,91,M,Dzumhur vs. Dodig
Tomas Berdych,Kenny De Schepper,2,1,3,0,64,37,36,15,5,4,29,13,5,8,21,25,93,63,33,37,10,8,9,29,32,0,0,14,25,57,M,Berdych vs. Schepper
Blaz Kavcic,Roger Federer,2,0,0,3,62,32,38,18,6,3,14,21,1,2,4,13,72,76,45,24,9,11,0,52,35,6,11,23,29,103,M,Kavcic vs. Federer
Fernando Verdasco,Teymuraz Gabashvili,2,0,2,3,60,67,40,34,12,18,56,71,6,10,15,26,156,68,62,32,26,2,4,24,51,5,17,6,10,146,M,Verdasco vs. Gabashvili
Marin Cilic,Gilles Simon,2,0,2,3,50,50,50,32,15,7,15,7,7,15,,,156,49,65,51,41,7,8,7,8,10,12,,,171,M,Cilic vs. Simon
Jo-Wilfried Tsonga,Thomaz Bellucci,2,1,3,0,64,51,36,18,14,6,47,28,3,9,16,24,110,45,31,55,34,9,5,19,29,1,4,13,18,88,M,Tsonga vs. Bellucci
Blaz Rola,Martin Klizan,2,0,1,3,63,66,37,24,12,8,12,8,3,4,,,123,58,49,42,34,16,5,16,5,5,14,,,139,M,Rola vs. Klizan
Stephane Robert,Michal Przysiezny,2,1,3,1,58,56,42,30,13,8,43,28,6,17,13,15,143,58,50,42,24,12,6,46,63,2,7,22,36,112,M,Robert vs. Przysiezny
Michael Berrer,Feliciano Lopez,2,0,0,3,68,47,32,17,6,3,29,25,2,4,37,61,93,62,45,38,23,8,3,43,24,4,11,17,21,108,M,Berrer vs. Lopez
Andy Murray,Vincent Millot,2,1,3,0,59,35,41,17,5,5,25,31,8,17,7,7,106,55,25,45,20,2,7,22,55,3,4,12,20,68,M,Murray vs. Millot
Roberto Bautista Agut,Juan Martin Del Potro,2,1,3,2,69,88,31,23,12,6,72,59,5,8,20,28,162,72,76,28,21,28,2,53,41,4,17,13,25,152,M,Agut vs. Potro
Benoit Paire,Nick Kyrgios,2,1,3,2,50,68,50,47,32,5,78,45,7,24,28,32,188,66,86,34,27,24,11,59,74,2,10,21,35,159,M,Paire vs. Kyrgios
Yen-Hsun Lu,Grigor Dimitrov,2,0,0,3,70,47,30,19,2,2,23,46,2,4,13,18,95,59,49,41,18,15,7,36,35,5,21,5,9,117,M,Lu vs. Dimitrov
Milos Raonic,Victor Hanescu,2,1,3,0,64,57,36,23,27,2,63,36,2,6,17,25,116,67,55,33,22,6,1,23,23,0,5,7,10,101,M,Raonic vs. Hanescu
Dusan Lajovic,Kei Nishikori,2,0,0,3,70,37,30,8,7,3,17,49,1,5,4,7,68,64,43,36,15,5,3,30,27,6,12,10,14,104,M,Lajovic vs. Nishikori
Andreas Seppi,Donald Young,2,0,2,3,57,57,43,33,12,10,47,65,6,18,9,15,165,61,71,39,29,6,15,47,78,6,15,31,48,158,M,Seppi vs. Young
Jack Sock,Gael Monfils,2,0,0,3,58,48,42,23,5,9,34,37,1,1,16,29,92,62,47,38,23,13,3,39,30,4,11,20,26,117,M,Sock vs. Monfils
Rafael Nadal,Thanasi Kokkinakis,2,1,3,0,74,45,26,11,7,1,39,19,5,10,11,14,91,67,33,33,10,4,3,21,24,0,3,8,10,61,M,Nadal vs. Kokkinakis
Denis Istomin,Novak Djokovic,3,0,0,3,65,41,35,10,5,1,14,26,1,1,3,9,71,63,38,37,20,6,1,31,23,5,8,16,21,93,M,Istomin vs. Djokovic
Fabio Fognini,Sam Querrey,3,1,3,0,60,41,40,26,9,3,43,26,4,10,7,11,108,63,43,37,19,10,1,27,41,1,4,11,23,86,M,Fognini vs. Querrey
Tommy Robredo,Richard Gasquet,3,1,3,1,65,70,35,21,16,3,51,38,3,7,18,25,140,62,61,38,28,4,5,62,34,3,9,44,57,137,M,Robredo vs. Gasquet
Jeremy Chardy,David Ferrer,3,0,0,3,58,44,42,17,8,8,30,51,1,3,17,27,87,72,44,28,17,2,1,22,24,5,11,10,12,111,M,Chardy vs. Ferrer
Florian Mayer,Jerzy Janowicz,3,1,3,0,68,42,32,15,17,0,38,7,5,11,12,13,98,53,34,47,18,3,7,34,44,0,1,11,15,63,M,Mayer vs. Janowicz
Kevin Anderson,Edouard Roger-Vasselin,3,1,3,2,67,77,33,26,27,6,82,69,3,12,22,30,164,74,94,26,20,8,4,43,34,3,7,17,29,162,M,Anderson vs. Roger-Vasselin
Tomas Berdych,Damir Dzumhur,3,1,3,0,57,37,43,19,13,1,32,26,5,9,13,18,93,44,25,56,17,5,6,21,34,0,2,5,9,58,M,Berdych vs. Dzumhur
Teymuraz Gabashvili,Roger Federer,3,0,0,3,69,38,31,10,3,5,27,33,0,5,7,19,66,62,39,38,16,6,1,35,18,5,14,11,20,98,M,Gabashvili vs. Federer
Jo-Wilfried Tsonga,Gilles Simon,3,1,3,0,66,49,34,20,17,0,40,29,3,6,20,27,94,53,34,47,22,7,3,21,25,0,3,23,28,79,M,Tsonga vs. Simon
Stephane Robert,Martin Klizan,3,1,3,0,72,54,28,11,7,5,35,23,4,10,14,17,105,53,32,47,21,6,4,36,38,0,3,18,29,75,M,Robert vs. Klizan
Andy Murray,Feliciano Lopez,3,1,3,0,64,50,36,16,6,2,29,30,4,11,11,18,106,57,39,43,20,8,7,31,44,1,1,26,37,84,M,Murray vs. Lopez
Benoit Paire,Roberto Bautista Agut,3,0,0,3,58,30,42,10,13,3,31,59,2,7,11,22,65,83,46,17,7,4,1,21,23,7,20,11,14,96,M,Paire vs. Agut
Milos Raonic,Grigor Dimitrov,3,0,1,3,59,55,41,30,21,5,50,39,1,3,22,53,107,60,55,40,33,15,5,49,13,2,4,12,15,128,M,Raonic vs. Dimitrov
Donald Young,Kei Nishikori,3,0,0,3,64,23,36,7,1,5,17,32,1,4,15,30,56,54,29,46,21,3,1,30,27,8,12,3,7,93,M,Young vs. Nishikori
Rafael Nadal,Gael Monfils,3,1,3,0,67,38,33,20,2,0,21,18,6,12,9,13,107,69,39,31,10,10,5,33,57,0,6,4,9,70,M,Nadal vs. Monfils
Fabio Fognini,Novak Djokovic,4,0,0,3,59,32,41,13,3,7,20,44,0,0,11,16,55,72,38,28,12,7,2,33,21,6,22,12,16,96,M,Fognini vs. Djokovic
Stanislas Wawrinka,Tommy Robredo,4,1,3,0,56,54,44,24,14,3,57,37,2,5,17,25,118,71,53,29,14,1,0,24,22,1,4,13,16,96,M,Wawrinka vs. Robredo
Florian Mayer,David Ferrer,4,0,1,3,61,52,39,27,4,3,33,49,3,11,29,56,118,63,55,37,24,3,1,64,43,9,19,19,27,153,M,Mayer vs. Ferrer
Tomas Berdych,Kevin Anderson,4,1,3,0,52,33,48,21,4,3,38,17,5,17,15,18,92,72,40,28,9,16,1,31,30,0,0,6,19,66,M,Berdych vs. Anderson
Jo-Wilfried Tsonga,Roger Federer,4,0,0,3,52,32,48,23,8,1,29,28,0,1,11,25,72,57,42,43,25,7,1,43,21,3,7,34,41,100,M,Tsonga vs. Federer
Andy Murray,Stephane Robert,4,1,3,1,62,59,38,25,8,3,48,47,7,14,16,24,137,51,39,49,22,3,8,33,56,1,6,20,31,103,M,Murray vs. Robert
Grigor Dimitrov,Roberto Bautista Agut,4,1,3,1,60,57,40,21,11,3,38,34,4,5,23,35,114,64,44,36,22,5,1,27,45,1,5,13,23,100,M,Dimitrov vs. Agut
Rafael Nadal,Kei Nishikori,4,1,3,0,71,67,29,14,12,1,36,28,5,8,10,19,129,66,51,34,16,2,1,36,51,4,10,20,25,110,M,Nadal vs. Nishikori
Stanislas Wawrinka,Novak Djokovic,5,1,3,2,58,71,42,36,17,5,51,60,5,10,20,30,153,73,75,27,23,7,1,45,60,4,7,26,35,161,M,Wawrinka vs. Djokovic
Tomas Berdych,David Ferrer,5,1,3,1,52,52,48,27,10,4,43,62,5,13,18,28,128,61,46,39,23,2,1,30,46,3,12,12,13,119,M,Berdych vs. Ferrer
Andy Murray,Roger Federer,5,0,1,3,61,60,39,28,9,1,41,46,1,2,17,27,121,64,61,36,28,10,0,54,42,4,17,49,66,147,M,Murray vs. Federer
Rafael Nadal,Grigor Dimitrov,5,1,3,1,73,66,27,22,3,7,42,47,4,11,32,36,147,58,64,42,32,16,5,54,61,3,6,28,41,132,M,Nadal vs. Dimitrov
Tomas Berdych,Stanislas Wawrinka,6,0,1,3,62,71,38,30,21,7,60,49,0,1,23,31,142,61,72,39,32,18,4,57,49,1,4,14,18,143,M,Berdych vs. Wawrinka
Rafael Nadal,Roger Federer,6,1,3,0,65,41,35,22,3,1,28,25,4,14,3,10,105,66,45,34,18,8,1,34,50,1,2,23,42,86,M,Nadal vs. Federer
Rafael Nadal,Stanislas Wawrinka,7,0,1,3,78,50,22,10,1,3,19,32,2,6,5,8,88,55,46,45,22,19,2,53,49,5,15,11,12,116,M,Nadal vs. Wawrinka
Serena Williams,Vesna Dolonc,2,1,2,0,66,28,34,8,10,2,24,19,4,7,3,4,61,54,17,46,6,2,8,9,20,0,1,3,3,37,F,Williams vs. Dolonc
Karolina Pliskova,Daniela Hantuchova,2,0,1,2,55,50,45,28,11,6,57,60,3,14,15,17,123,59,53,41,28,9,8,43,35,4,9,10,14,129,F,Pliskova vs. Hantuchova
Samantha Stosur,Tsvetana Pironkova,2,1,2,0,59,20,41,10,4,3,23,15,5,13,13,17,58,57,15,43,4,1,2,5,19,0,1,5,6,30,F,Stosur vs. Pironkova
Annika Beck,Ana Ivanovic,2,0,0,2,75,13,25,3,0,3,10,29,2,3,5,8,35,54,16,46,13,2,2,16,17,6,7,0,1,57,F,Beck vs. Ivanovic
Jie Zheng,Madison Keys,2,1,2,1,76,40,24,14,0,4,19,48,7,10,10,15,102,63,39,37,18,3,1,30,43,8,16,6,11,109,F,Zheng vs. Keys
Casey Dellacqua,Kirsten Flipkens,2,1,2,0,73,22,27,6,1,0,15,15,6,19,7,10,61,48,15,52,10,0,7,17,29,1,1,10,13,38,F,Dellacqua vs. Flipkens
Eugenie Bouchard,Virginie Razzano,2,1,2,0,50,26,50,17,4,2,25,25,5,10,3,7,84,75,32,25,6,2,1,27,42,3,9,13,17,71,F,Bouchard vs. Razzano
Lauren Davis,Julia Goerges,2,1,2,1,69,51,31,15,0,6,14,20,3,7,5,7,94,71,45,29,11,6,1,42,47,3,13,12,15,98,F,Davis vs. Goerges
Na Li,Belinda Bencic,2,1,2,0,60,27,40,12,4,2,30,31,5,7,2,5,67,54,21,46,8,2,5,12,19,2,2,3,4,53,F,Li vs. Bencic
Lucie Hradecka,Lucie Safarova,2,0,1,2,44,33,56,26,9,9,9,9,0,6,,,90,62,47,38,20,6,7,6,7,4,13,,,113,F,Hradecka vs. Safarova
Ekaterina Makarova,Irina Falconi,2,1,2,0,56,26,44,14,4,6,18,28,5,13,9,14,74,74,22,26,10,0,2,18,40,2,4,3,7,55,F,Makarova vs. Falconi
Monica Niculescu,Sabine Lisicki,2,1,2,1,66,35,34,9,0,6,8,18,7,14,12,16,87,53,23,47,14,10,6,43,56,5,6,19,34,76,F,Niculescu vs. Lisicki
Angelique Kerber,Alla Kudryavtseva,2,1,2,0,59,24,41,11,3,1,22,10,4,13,3,4,65,63,25,37,8,4,2,23,24,1,2,11,17,47,F,Kerber vs. Kudryavtseva
Yanina Wickmayer,Alison Riske,2,0,0,2,63,13,37,6,3,3,14,30,0,2,3,7,36,78,27,22,6,4,2,15,8,5,10,2,3,60,F,Wickmayer vs. Riske
Flavia Pennetta,Monica Puig,2,1,2,0,45,22,55,18,9,0,21,14,2,6,4,4,67,45,21,55,16,5,6,19,38,0,0,11,16,50,F,Pennetta vs. Puig
Mona Barthel,Luksika Kumkhum,2,1,2,1,63,44,37,18,3,6,25,33,4,5,11,20,92,58,38,42,13,4,8,37,39,3,7,7,8,94,F,Barthel vs. Kumkhum
Jelena Jankovic,Ayumi Morita,2,1,2,0,59,19,41,7,9,4,25,14,6,6,0,1,53,57,8,43,5,1,3,7,18,1,1,1,2,26,F,Jankovic vs. Morita
Kurumi Nara,Magdalena Rybarikova,2,1,2,0,66,26,34,15,0,2,8,26,4,4,5,10,59,52,16,48,8,4,1,13,38,2,5,7,11,51,F,Nara vs. Rybarikova
Marina Erakovic,Zarina Diyas,2,0,0,2,50,15,50,8,2,5,15,27,1,10,3,4,46,70,27,30,10,1,1,27,15,5,5,2,2,66,F,Erakovic vs. Diyas
Varvara Lepchenko,Simona Halep,2,0,1,2,63,34,37,10,1,4,23,47,2,2,9,10,66,58,29,42,16,0,3,10,19,6,15,1,2,90,F,Lepchenko vs. Halep
Carla Suarez Navarro,Galina Voskoboeva,2,1,2,1,73,57,27,17,0,5,19,30,6,10,14,19,126,55,40,45,23,3,13,50,67,7,17,25,39,121,F,Navarro vs. Voskoboeva
Stefanie Voegele,Dominika Cibulkova,2,0,0,2,42,11,58,1,3,1,12,22,1,5,2,3,30,68,21,32,8,0,2,17,13,6,9,4,5,55,F,Voegele vs. Cibulkova
Alize Cornet,Camila Giorgi,2,1,2,1,59,39,41,17,1,9,5,29,6,13,2,6,103,56,31,44,20,0,12,28,73,5,12,19,33,92,F,Cornet vs. Giorgi
Karin Knapp,Maria Sharapova,2,1,2,1,53,40,47,23,3,9,20,55,6,9,6,7,112,60,44,40,23,2,12,34,67,7,20,6,6,124,F,Knapp vs. Sharapova
Agnieszka Radwanska,Olga Govortsova,2,1,2,0,66,28,34,8,1,1,18,13,5,8,11,14,63,70,20,30,6,0,1,18,26,1,2,13,18,43,F,Radwanska vs. Govortsova
Mandy Minella,Anastasia Pavlyuchenkova,2,0,0,2,55,21,45,11,2,3,2,3,0,0,,,42,67,24,33,8,5,1,5,1,4,9,,,65,F,Minella vs. Pavlyuchenkova
Garbine Muguruza,Anna Schmiedlova,2,1,2,0,56,23,44,11,6,6,24,33,6,8,4,9,66,59,15,41,7,1,5,6,20,3,7,0,2,45,F,Muguruza vs. Schmiedlova
Christina McHale,Caroline Wozniacki,2,0,1,2,53,22,47,12,3,3,17,37,3,6,2,2,61,74,30,26,8,2,3,15,29,5,12,11,15,70,F,McHale vs. Wozniacki
Sloane Stephens,Ajla Tomljanovic,2,1,2,1,71,39,29,14,3,3,25,36,5,10,10,13,92,54,35,46,22,3,6,25,44,3,6,8,16,87,F,Stephens vs. Tomljanovic
Olivia Rogowska,Elina Svitolina,2,0,0,2,61,26,39,14,5,2,22,36,3,5,8,10,65,53,26,47,15,7,3,19,24,5,8,8,11,76,F,Rogowska vs. Svitolina
Bojana Jovanovski,Yvonne Meusburger,2,0,1,2,69,30,31,14,,1,32,50,6,9,7,9,85,67,38,33,5,,5,18,34,8,15,9,12,92,F,Jovanovski vs. Meusburger
Barbora Zahlavova Strycova,Victoria Azarenka,2,0,0,2,55,13,45,9,1,2,17,30,2,8,17,27,50,85,34,15,6,0,1,15,18,5,11,10,19,65,F,Strycova vs. Azarenka
Serena Williams,Daniela Hantuchova,3,1,2,0,48,20,52,15,10,2,25,21,4,7,4,12,60,54,15,46,12,2,2,10,19,1,6,1,3,48,F,Williams vs. Hantuchova
Samantha Stosur,Ana Ivanovic,3,0,1,2,68,42,32,22,3,2,21,30,1,4,11,16,93,58,47,42,23,6,3,46,40,4,9,16,23,107,F,Stosur vs. Ivanovic
Jie Zheng,Casey Dellacqua,3,0,0,2,64,18,36,11,0,5,15,28,2,3,2,4,45,58,20,42,14,1,3,14,16,5,10,3,4,64,F,Zheng vs. Dellacqua
Eugenie Bouchard,Lauren Davis,3,1,2,0,61,23,39,10,4,2,18,23,5,8,3,5,67,77,24,23,3,0,1,7,31,1,3,3,4,43,F,Bouchard vs. Davis
Na Li,Lucie Safarova,3,1,2,1,60,43,40,18,5,6,17,50,4,10,8,9,99,59,33,41,17,2,7,21,43,6,16,5,6,99,F,Li vs. Safarova
Ekaterina Makarova,Monica Niculescu,3,1,2,0,56,17,44,13,2,1,17,35,6,9,9,10,65,70,23,30,8,1,3,9,34,4,4,4,11,56,F,Makarova vs. Niculescu
Angelique Kerber,Alison Riske,3,1,2,0,63,21,37,6,4,4,21,16,7,13,6,9,64,62,16,38,8,0,6,18,29,4,5,8,23,48,F,Kerber vs. Riske
Flavia Pennetta,Mona Barthel,3,1,2,0,44,17,56,15,3,4,14,10,6,15,3,5,70,60,22,40,13,4,6,22,45,2,4,6,10,55,F,Pennetta vs. Barthel
Jelena Jankovic,Kurumi Nara,3,1,2,0,62,23,38,13,1,3,12,33,7,9,5,10,72,86,25,14,5,0,2,19,43,5,7,13,18,63,F,Jankovic vs. Nara
Zarina Diyas,Simona Halep,3,0,0,2,61,16,39,7,0,3,9,32,2,4,7,9,42,52,18,48,13,1,3,18,20,6,6,3,6,62,F,Diyas vs. Halep
Carla Suarez Navarro,Dominika Cibulkova,3,0,0,2,65,12,35,4,0,0,2,23,0,1,0,3,26,69,21,31,8,1,1,20,20,5,9,7,9,56,F,Navarro vs. Cibulkova
Alize Cornet,Maria Sharapova,3,0,0,2,65,24,35,9,,5,11,23,4,6,7,12,60,50,23,50,16,,8,35,35,6,14,12,13,81,F,Cornet vs. Sharapova
Agnieszka Radwanska,Anastasia Pavlyuchenkova,3,1,2,1,65,36,35,16,5,2,25,19,6,9,13,20,96,59,29,41,17,0,7,39,49,3,5,12,21,78,F,Radwanska vs. Pavlyuchenkova
Garbine Muguruza,Caroline Wozniacki,3,1,2,1,64,37,36,16,5,7,33,56,7,10,12,17,96,67,39,33,12,2,6,17,37,5,16,9,13,93,F,Muguruza vs. Wozniacki
Sloane Stephens,Elina Svitolina,3,1,2,0,69,31,31,10,1,0,24,32,4,9,10,13,68,57,23,43,15,0,4,12,27,2,3,9,17,61,F,Stephens vs. Svitolina
Yvonne Meusburger,Victoria Azarenka,3,0,0,2,70,8,30,4,,5,5,18,1,2,3,3,25,74,20,26,5,,2,20,13,7,14,14,17,56,F,Meusburger vs. Azarenka
Serena Williams,Ana Ivanovic,4,0,1,2,66,43,34,13,13,4,22,31,2,3,10,15,79,53,31,47,21,1,2,33,27,4,14,10,13,91,F,Williams vs. Ivanovic
Casey Dellacqua,Eugenie Bouchard,4,0,1,2,61,33,39,14,0,3,11,47,1,2,5,9,68,65,37,35,16,6,1,29,28,6,11,10,12,94,F,Dellacqua vs. Bouchard
Na Li,Ekaterina Makarova,4,1,2,0,80,26,20,4,1,1,18,14,5,7,8,14,55,64,14,36,3,0,1,4,11,0,4,3,4,31,F,Li vs. Makarova
Angelique Kerber,Flavia Pennetta,4,0,1,2,64,35,36,10,1,4,25,35,5,6,5,13,77,60,33,40,12,8,2,43,37,8,18,17,27,98,F,Kerber vs. Pennetta
Jelena Jankovic,Simona Halep,4,0,1,2,67,32,33,11,2,2,23,43,4,8,20,30,69,64,26,36,14,0,4,22,28,6,13,4,4,81,F,Jankovic vs. Halep
Dominika Cibulkova,Maria Sharapova,4,1,2,1,69,27,31,13,1,5,16,28,7,14,2,2,87,66,31,34,12,3,8,27,45,5,10,8,10,77,F,Cibulkova vs. Sharapova
Agnieszka Radwanska,Garbine Muguruza,4,1,2,0,73,34,27,11,2,1,9,15,4,9,4,7,76,56,18,44,10,3,3,23,44,0,6,6,14,49,F,Radwanska vs. Muguruza
Sloane Stephens,Victoria Azarenka,4,0,0,2,72,24,28,9,0,0,20,32,0,2,6,8,55,69,32,31,10,3,7,20,20,3,14,13,17,74,F,Stephens vs. Azarenka
Ana Ivanovic,Eugenie Bouchard,5,0,1,2,56,34,44,23,1,4,34,35,5,12,12,18,104,58,42,42,20,2,6,47,37,7,13,19,24,113,F,Ivanovic vs. Bouchard
Na Li,Flavia Pennetta,5,1,2,0,64,23,36,10,1,1,23,17,5,8,7,10,62,39,12,61,13,3,5,14,27,1,4,2,2,37,F,Li vs. Pennetta
Simona Halep,Dominika Cibulkova,5,0,0,2,67,13,33,6,2,1,9,25,1,3,1,4,32,77,25,23,5,0,3,17,16,5,9,3,4,54,F,Halep vs. Cibulkova
Agnieszka Radwanska,Victoria Azarenka,5,1,2,1,59,33,41,16,1,1,23,15,6,16,19,24,94,60,26,40,19,0,5,33,47,2,5,20,34,74,F,Radwanska vs. Azarenka
Eugenie Bouchard,Na Li,6,0,0,2,45,13,55,5,2,2,10,14,3,7,4,5,49,61,27,39,11,4,5,35,23,6,10,11,14,71,F,Bouchard vs. Li
Dominika Cibulkova,Agnieszka Radwanska,6,1,2,0,64,22,36,10,0,2,21,20,6,9,12,14,63,68,17,32,2,2,2,12,24,1,9,4,9,40,F,Cibulkova vs. Radwanska
Na Li,Dominika Cibulkova,7,1,2,0,60,21,40,15,2,3,34,30,5,10,8,13,75,67,29,33,5,0,7,11,28,2,3,3,4,58,F,Li vs. Cibulkova